0,
Tgabks,0
,0
No chiken in the paste and no sun dried tomato,-1
Always great!,1
Na,0
"Penne pasta was not authentic, with sauce almost looking like a curry.",-1
Cutlery was placed in the bags although we requested no cutlery. Too much plastic use is bad for the wnvironment,-2
Good,1
Many thanks,1
Excellent pizza,1
"Amaizing pizza italiano, never failed us.",1
Food tasteless and much lower quality than usual...,-1
Excellent! Enjoyed it,1
Many thanks,1
Great,1
Thank you ğŸ™ğŸ¼ Shukran,1
Extremely Salty - Anchovy taste was awful,-1
The food was too cold,-1
Hb,0
,0
Na,0
T,0
I got delivered the wrong order.,-3
,0
Hh,0
Good,1
Tasty good meal.,1
The cookies were fresh and hot from starbucks,1
Amazinggg ğŸ‘ğŸ‘ğŸ‘ğŸ‘,1
,0
Good,1
ğŸ‘ğŸ¼ğŸ’•,1
Okkkk,1
Good,1
Good,1
â¤ï¸â€ğŸ”¥â¤ï¸â€ğŸ”¥â¤ï¸â€ğŸ”¥,1
ğŸ‘ğŸ¼ğŸ‘ğŸ¼,1
Talabat and the restaurant were very thorough in dealing with an ingredient problem and making sure I was a satisfied customer.,1
Very good,1
Awful,-1
"They charged me extra for coconut milk, which wasnt included in the menu!",-1
He left the bag and went. Nobody called or rang the bell,-3
Shoud have swnt watssap before calling,-3
Good food,1
Fantastic sandwitch as always!! ğŸ™ŒğŸ½ğŸ™ŒğŸ½ 10/10,1
The dish had quite a lot of chilli in it which isnt mentioned on the menu. Otherwise it was nice.,-1
very good,1
,0
The sourdough here is the best,1
Love you Talabat â¤ï¸,3
M,0
Best food,1
Beat food,1
Awesome,1
The best brakefast,1
Thanks,1
Fantastic,1
thanks was perfect,1
Good,1
Very good,1
â™¥ï¸â™¥ï¸â™¥ï¸ğŸ‘ŒğŸ»,1
"Delicious food and delievered really fast, thanks",1
magenta,1
Very good,1
ğŸ˜€,1
"They forgot the sauce, chicken strips was like panadol but its okay",-1
Too much sauce,-1
The food was soo bad.. never ordering from here ever again,-1
Very good,1
.,0
Best in the world,1
The burger is overprised for that taste to br honest the beef was dry,-1
"Not fresh and no taste! I will not order again, ever",-1
Good,1
Not fresh food,-1
ğŸ‘ŒğŸ»,1
The chicken in the shawarma was tooo crunchy and charred black,-1
Very bad food,-1
ğŸ‘ğŸ‘ğŸ‘ğŸ‘ğŸ‘,1
ğŸ‘,1
ğŸ‘ğŸ‘ğŸ‘,1
ğŸ‘ğŸ»ğŸ‘ğŸ»,1
Chicken shawarma is the best,1
Ameer was very good!!,3
food is great,1
Good,1
Excellent,1
Very nice shawarma and tasty,1
Excellent,1
very goog,1
He didnt call me when he deliver my food he put in reception and leave without send me a message,-3
,0
Wow,1
Missed item,-3
ğŸ¤¤ğŸ¤¤ğŸ¤¤ğŸ¤¤ğŸ¤¤ğŸ¤¤,1
"All meals ordered are delicious, burgers, chicken pop and fries.",1
Packaging is excellent too.,2
Chicken was overcooked and chewy with one piece of soggy lettuce.,-1
Hi,0
Burger is really tasty but they need to work on the fries. The fries are very dry and tastes like it was made a few days ago,-1
Best crispy chiken in town,1
Good food and service,1
The best chicken and fries ever ğŸ˜‹ ğŸ˜..,1
The order DID NOT ARRIVE after nearly 3 hours of waiting!!!!,-3
H,0
Food was fresh and testy .. the ludlow fries was yummy,1
.,0
The fries not hot .. it tasted like old fries,-1
Best chicken and waffles!,1
Order took too long to arrive and was cold,-3
,0
Some of the food was bad,1
Amazing service!,1
Excellent Food Delivered Quicklyand Efficiently,1
I didnt like that the restuarant does not send cutlery,-2
Quantity was very less,-1
Great!,1
bad test .. cold food .. not like the picture,-1
Excellent!,1
It took 50 m to deleverd,-3
"Dont know what this shop has done to its portions but i thought it was some sick joke when i recieved my Bowl. The ""regular"" portion was nothing like it was before and comes in the most tiniest container !! Such a disappointment dont think ill be ordering from here again",-1
Good food!,1
,0
Nice food,1
Good food,1
ğŸ˜ğŸ˜ğŸ˜,1
Really good,1
,0
Broken plastic cup with messy packaging. The juice leaked all out,-2
Very good,1
Just talabat and their aweful service,-3
Good,1
food was delicious! and arrived on time! Ive ordered multiple times and food is always so yum!,1
Very disappointing i ordered spicy tuna and got,-1
Fantastic pasta as usual ğŸ™ŒğŸ½ always a pleasure,1
"I havent recieved any calls ot trxt from talabaat, its been more than an hour",-3
The chicken was too mushy like plastic. That was disappointing,-1
"On time , correct delivered",3
Exceptional food &amp; packaging,1
The Courtyard is one of my fave restaurants in Muscat - especially for breakfast. Their poached eggs with thr garlic labneh is something i crave constantly and its relatively wholesome as a meal. Desserts maybe not so much.,1
I liked their ceaser salad with shrimp.,1
Please contact the restaurant to deliver the missing item,-3
Their fries and burger were too oily for my tasting . Though the chicken is grilled but was a tiny uncooked from the inside. Make sure you tell them to pole holes and have it cooked well,-1
The eggs and veggies were tasteless,-1
"The food packaging was perfect,",1
"I was impressed with how fast my order arrived,",3
"I felt I got great quality for the amount I paid, Food was delicious and surpassed my expectations",1
I felt I got great quality for the amount I paid,1
the worst not a trifel nor it has nutella waste of money,-1
I was disappointed for not getting the soy souce with my order as how it is when you have it in restaurant also chop sticks,-1
ğŸ™‚,1
Item came  very cold,-3
The price is high compared to the size of the Cinnabon pieces,-1
Thanx for good service,
The cinnabon was so dry n not fresh not as usual,
.,
â¤ï¸,
ğŸ¤©,
G,
Good,
Yummooooo,
Ù‹,
I didnt recive my order,
ğŸ‘Œ,
Love it,
wrong order!,
As expected... The food is really amazingğŸ¥°highly recommended ğŸ’¯,
Good,
Coffe wasnt cover with foil .,
..,
good,
The coffee was horrific,
The napkin was opend what's left in the bag tissue and spoon only next time u have 2 be sure every things is new and close,
Good,
"Forks and knifes were missig, always yummy foof",
B,
"We have ordered Macchiato, and not deliecered right, only single shot of espresso was there",
Crepe with fruit was much much better than this tasteless pancake,
"Shrimp avocado sandwish is delicious ! Big pieces, fresh and tasty . Thank you !!",
I am not happy at all,
D,
,
,
The avocado croissant was really good. No regrets.,
Order delivered is wrong,
I paid for coleslaw but not received.  Fajita is cold and Fattoush is hot!,
very good quality of food. thank you,
Very fast anf freindly drive.. all the best for him,
food was so bad,
Thanks,
Good and clean food,
Ù‹,
Thanks,
Thanks,
Chicken Alana was burnt ğŸ˜¢,
,
the food was amazing .thanks darceys .,
Keep it up,
Very good,
Excellent service,
,
Good,
Ok,
Brilliant,
Good food,
Great,
,
Solid,
Excellent ğŸŒŸ,
Best,
,
Best food in muscat ğŸ‘Œ,
Great,
"The starter was really good.

The carbonara and caprese were okay",
"The food was well packaged, arrived quickly, and tasted great! I will order from rhem!",
The food was tastless no flavour to it veey soggy and over priced for much meal,
Delicious!,
I would like my money yo be sent back,
ğŸ‘ğŸ»,
Time has to be adjusted in the app,
Hjj,
Bad,
-,
Very dissapointed! The food arrived 2 hours after order was placed.!! When it came it was cold and the fries were already dry! J would nit order here again.,
very late order,
They changes the type of bread and the amount is less,
"Excellent person who solved my issue,, Sharon",
"Thank you for this delicios food, and for you amazing words that had put a smile on my face",
Good,
"Had my lunch today m, and i must say Best EVER moujadara &amp; hendbeh !! Filful serves amazing quality and taste as always .",
Bad,
,
Great food as always,
Great!,
Food was extremly bad it smelled and tated rotten. Everything eas very bad.,
Great as akways,
Delicious as always!,
Good service,
Excellent food,
,
Can u please contat me or make the resturant call me,
The soup was a bit cold,
Ø·Ù„Ø¨ÙŠØªÙŠ ÙƒØ§Ù†Øª Ù…Ø§Ù„Ù‡Ø§ Ø¹Ù„Ø§Ù‚Ø© Ø§Ø¨Ø¯Ø§ Ø¨Ù€ Ø´ÙŠØ´ Ø¨Ø±Ùƒ! :) Fake shish barak,
All good,
Food was ice cold by the time it arrived.,
Order marked as delivered when actually not delivered,
I didnt like ghe food,
Very good food,
the lamb chop was good the chicken grill taste not nice,
The shawarma ordered was pricey for 600 bz and was awful and salty and did not taste lyk a shawarma!!!,
Good,
V good,
Good,
Excelent food &amp; services.,
Ok,
Ok,
"Everything was excelent.  
Many thanks",
The sandwich was dry,
"shawarma for 1.5 riyal with no pickles , nothing",
Food not tasty,
i ordered beef shawarma and they have given chicken shawarma,
Good,
Yum yum,
"First of all my expectations were high.

1. Value For Money Is High According To The Foods Quality.
2. Packaging For Fries Makes It Soggy Till The Time It Gets Delivered.
3. Taste Could Have Been Better.
4. Avoid Using Sweet Buns For Burgers.
5. Patties Inside The Burger Weren't Juicy.

These are not complaints just a feed back. Thank You.",
I have ordered dynmite fries bit I got only fries with nothing on top,
Kind person,
okay so i gave this a one star bc my brother got so sick. the dilivery was great tho,
Nice,
Moo,
Super!,
ğŸ‘ğŸ»,
"The food packaging was perfect, I was impressed with how fast my order arrived",
Good,
I have orderd diet 7up and it was not as what i bave orderd also the burger was over cooked,
I was impressed with how fast my order arrived,
The new packing for the fries makes the fries soggy and soft it looses the fries crunchy crispy taste,
The food portion was much smaller than price charged. I actually thought they served me the wrong order because of the baby size burger,
Great,
Its was not the same quantity as usal &amp; there is diffetent in the taste,
.,
Very nice and ordering again,
very nice,
Super fast!,
Nonr,
Risoto over priced regarding the amount of portion :) its too little,
The portion was too too too small copmaring to the price.The taste was not as Dine in.,
Good,
,
"Urbano Bistro NEEDS to make bigger sliders, for its price point.",
Free nice serviecs,
Very good,
good and not bad,
Recived without fork and spoon.,
Ø¬ÙŠØ¯ Ø¬Ø¯Ø§,
Ù…Ù…ØªØ§Ø²,
Good,
ğŸ¦‹,
azing,
Good,
"Food arrived hot and fast, quality was amazing",
Best tasting falafel,
Good,
Good,
The cheese was not as good as last time,
Reduce the,
Great,
Thx,
The food is not hot it seems like your qulity of delivering fresh hot food is becoming lower ğŸ‘ğŸ»,
"Great food , my colleauges at work loved it . Thanks",
ğŸŒŸğŸŒŸğŸŒŸğŸŒŸ,
the chips was fully with overloaded cheese.,
Good,
Good food &amp; service,
Very good,
Ok,
tasty,
Kxkdi,
Good,
Great food,
No,
Wow,
Cleaness,
The have to call then send me,
The order didnt arrived yet,
"My comments was not considered if you mention remarks pls see it to consider 
Thanx",
perfect,
Always good,
Thanks,
There was an ant on one of the cupcakes.,
I received only 9 cupcakes out of 10,
Yumyyy,
ğŸ¤™ğŸ¼,
Good,
Ferrero cake had coconut ğŸ˜¢,
Shows item deluvered on app but it hasnt arrived till now,
The tiramissu i orderd was rotten i had stomach pain,
never go wrong with 99% angle cupcake,
Delicious fast &amp; super convenient,
Love the strawberry cakes. Best talabat rider ever!,
The writes part ontop of the cake was smashed!!,
Ordered the fresh strawberry cake which is 1.8 riyals and got a small fresh strawberry cupcake for 1.2 riyals. So i paid for the more expensive item and i got the cheaper one,
"One of the best Strawberry and Cream cake in town, getting addicted to it",
"So frustrated, red velvet felt like im eating suger and the price is quite high and felt like if I baught it from any other shop it would be much better than this.",
Very quick delievry,
"I have requested for a scheduled order at 3:15, but inwas shocked to see that the food was alreqdy delivered to me by 2:45!  Whats the use of scheduled orderss if you guys wont act on the timings requested by your clients!",
"I have requested for a scheduled order at 3:15, but inwas shocked to see that the food was alreqdy delivered to me by 2:45!  Whats the use of scheduled orderss if you guys wont act on the timings requested by your clients!",
Okay,
What the hell happened to Mai Thai? Our food was so tasteless that we could've been eating chalk and wouldn't know the difference! Absolutely disappointing. Not one dish was edible and since when is fried rice supposed to be sticky?!,
Very little shrimp in the green curry. Very very little. 8 small shrimps lol,
Yummu ğŸ¥²ğŸ˜ğŸ˜,
,
Ø§ÙÙ„Ù’Ø­ÙÙ…Ù’Ø¯Ù Ù„Ù„Ù‘Ù‡Ù Ø±ÙØ¨Ù‘Ù Ø§Ù„Ù’Ø¹ÙØ§Ù„ÙÙ…ÙÙŠÙ†Ù good service,
Amazing food,
Hey Siri,
"The restaurant has always been consistent with good food, thus the loyal Clientel. However, tonight the fish wasnt fillet as requested but they did call and say if whole fish was ok to send as already prepared. Unforunately the fish was over cooked and too crispy to be able to be enjoyed. The food was delivered hot and soup was good but the fish was a waste of money.",
Very fast,
Missing red curry,
Good,
Overpriced,
Worst company and service as usual,
Expensive for what you get,
Wrong item was delivered,
Very quick delievry,
"I have requested for a scheduled order at 3:15, but inwas shocked to see that the food was alreqdy delivered to me by 2:45!  Whats the use of scheduled orderss if you guys wont act on the timings requested by your clients!",
"I have requested for a scheduled order at 3:15, but inwas shocked to see that the food was alreqdy delivered to me by 2:45!  Whats the use of scheduled orderss if you guys wont act on the timings requested by your clients!",
Okay,
What the hell happened to Mai Thai? Our food was so tasteless that we could've been eating chalk and wouldn't know the difference! Absolutely disappointing. Not one dish was edible and since when is fried rice supposed to be sticky?!,
Very little shrimp in the green curry. Very very little. 8 small shrimps lol,
Yummu ğŸ¥²ğŸ˜ğŸ˜,
,
Ø§ÙÙ„Ù’Ø­ÙÙ…Ù’Ø¯Ù Ù„Ù„Ù‘Ù‡Ù Ø±ÙØ¨Ù‘Ù Ø§Ù„Ù’Ø¹ÙØ§Ù„ÙÙ…ÙÙŠÙ†Ù good service,
Amazing food,
Hey Siri,
"The restaurant has always been consistent with good food, thus the loyal Clientel. However, tonight the fish wasnt fillet as requested but they did call and say if whole fish was ok to send as already prepared. Unforunately the fish was over cooked and too crispy to be able to be enjoyed. The food was delivered hot and soup was good but the fish was a waste of money.",
Very fast,
Missing red curry,
Good,
Overpriced,
Worst company and service as usual,
Expensive for what you get,
Wrong item was delivered,
I did not recive my order since 2 hours!!,
No,
I am still waiting for my order and in the application it shows that it is delivered!!!!?,
the sandwish was too salty we coulnt eat â˜¹ï¸,
ğŸ‘ğŸ»,
.,
H,
Thank you,
very cold and not closed properly the cover was open ... anyway .... thank you,
I paid and i didnt get my order,
nice food,
excellent,
ğŸ‘ŒğŸ¾ğŸ‘ŒğŸ¾ğŸ‘ŒğŸ¾,
Amazing quality !!! Never been disappointed !,
I ordered iced Americano but I got hot,
ğŸ™ğŸ™ğŸ‘ŒğŸ»ğŸ‘ŒğŸ»,
F,
.,
,
Order took forever to reach even though location is right next to trazo(5 minutes) coffee was cold and not pleasent,
,
ğŸ‘ğŸ»,
Yummi yummi,
Not wearing mask,
Good,
Good,
â¤ï¸â¤ï¸,
Wrong items,
"The estimated time was 30 minutes at tge begginig, and it took more than 1 hour (traking time increased afterwards)",
Good,
"Great food, it would be great if the customer can customize the mix crossant box.",
Best croissants in town,
The food arrived messy,
T,
V,
,
,
T,
"Orange Tamarind drinks did not have enough tamarind zing to it, tasted more like orange juice.  Tamarind Mint also was not 'chatpata"" enough. A bit disappointed.",
I,
Perfect,
G,
Gteat,
Good,
"Tropical is tropical. It's already known.
I had 4 ice-cream orders with special notes, and they didn't miss any of them.. Excellent.",
Good experience.,
I wish they ask before belivery,
Fresh! Thanks,
I never got the order,
It test bad,
â™¥ï¸,
Bbcckogvuvh,
,
Thanks,
M,
V,
There is no delivey option remove it from the feedback pleasr,
ğŸ¤©,
amazing,
Bery delicious,
G,
ğŸ˜,
I felt I got great quality for the amount I paid,
Excellent food,
Excellent food,
"Rider had our order, didn't deliver it and went to pick up another order from a different restaurant. Food arrived cold. When we asked him why he's picking up another order  he said he couldnt find our address!",
Food was amazing ! 5/5,
Excelent,
"As usual. food is amazing, fresh and reaches on time",
Best and only AUTHENTIC Turkish food in Oman,
Excellent packing,
The food arrived right on time and tasted super great. What's even better is that they provide you with a complementary cheese pie and lahamacun. Will definitely order again from this restaurant. Best Turkish food in Muscat.,
"I didnâ€™t receive my 2nd drink, The food packaging was perfect",
ğŸ‘ğŸ»,
This my first time I use talabat excellent job,
Poor service,
Amazing!,
"The order is wrong, I want cold and it arrived hot",
,
Good,
Missing item,
how come u bring coffe without sugar .yyyyyy,
ridiculously small size for a 2.5 OMR fajita. did they forget to pack the other half of it???,
Pleasant,
Good,
ğŸ‘ğŸ»,
"ordered chilled tea, got a hot one lol. due to my tooth removal i cannot drink it and thats why i ordered an iced version, frustrating.",
good,
good,
good,
I ordered Americano. I have been given Capuccino.,
They ignored the special request which was very important. There is also no small size listed in the menu!!!!,
Good,
ğŸ™ğŸ»,
"Messy packaging, coffee is all dripped over the cup and cup holder. No foam at all in coffee so watery. Too much sugar , really bad experience wont order second cup online next time.",
ğŸ˜,
More litle money but its the best fresh food,
very good thank you,
"Not A happy customer, when delivered the food was spilled in the bags and all over the place",
Great,
Most of the meat was bones and very chewy,
Good good great,
,
packaging could be improved,
Nice,
Wrong order was delivered,
ğŸ”¥ğŸ¤¤ğŸ¤¤ğŸ‘ŒğŸ»,
Food quality is not as expected,
Please donâ€™t order as they changed the way of cooking. Rice is burned and the chicken was dry and burned 0/10,
WRONG ORDER DELIVERED,
The food I received smells bad,
Good approach,
Great in following additional instructions :),
.,
Wow,
Overly priced compared to other coffee outlets,
super tasty ğŸ˜‹ğŸ˜,
Very polite drver,
Im still not get my oder he speaking not good and not give my oder still now,
"Superb taste &amp; quality ,, keep rockingğŸ”¥ğŸ¤©ğŸ”¥- perfect Timing ğŸš™",
"The food packaging was perfect, I was impressed with how fast my order arrived, I felt I got great quality for the amount I paid, Food was delicious and surpassed my expectations",
Fast delive,
Coffee and food not delivered hot,
Awesome sandwiches!,
V good,
It was verry fast,
Good,
Good job,
,
This is not Not right from your side I'm paying you and I've done a small request and you have ignored it and not even said that we cannot provide Makes us very upset and mad and even Disappointed  from your service,
Good,
Iâ€™ve cream all water,
I never got my order,
"This is the second time they brought me the wrong order, not going to order from McDonald's again.",
Great,
McDonalds continuosly doesnt adhere to customer instructions. Always doesnt read the requests,
"It was spicy and very cold, very dissapointing . We didnt eat it",
ğŸ‘ğŸ»,
Wrong order,
"This is the third time, i chiose large meal and they gave small and rather than the special request they gave all chikcen wings which i never mentioned ! Who gives 3 wings on a special request of 1 leg and 2 thighs?

Not at all nice",
.,
Aaa,
Creative staff love it,
Wrong label,
Good,
Wrong item,
Good job,
On time,
wrong item delivered,
Ok,
"tasteless sandwich and wrap it was not prepared as we normally have. No mustard sauce no ranch sauce.  , It wasnâ€™t great value for money",
Prompt,
HSBC ENTERTAINER SHOULD BE USED.,
.,
He dos not folw the instractions,
ğŸ¥°,
Good service. Keep it up!,
Wow,
They messed up the entire order.,
Great,
No comment,
Thanks,
ğŸ¤,
The bag smells like a cigarette,
Hhg,
.,
One missing item,
I love u ğŸ¥ºğŸ¤,
ğŸ’“,
"order was completly messed up, the juice was spilled inside the bag and the pancake box was agressively moved all pancakes stuck together",
good,
the rider smells like segregated,
â­ï¸â­ï¸â­ï¸â­ï¸â­ï¸,
Nice,
Perfect and fresh,
Excellent food,
Creole sub and chicken sandwich were too small. The taste of the burger patties are tasetless. A waste of money.,
My order isn't delivered and it says it has been delivered,
Excellent food,
good,
The source in the burger is allot.,
Five stars,
very good service,
Amazing,
Very good,
"I ordered and paid for a burger, but received a slider",
Good job!,
ordered 3 sandwiches only received 2,
G,
Its nowhere near wagamama standards. The chilli squid is so hard and feels like its been there for two days. The Bang Bang Shrip is really bad. And the chicken katsu is just not the same as any other country,
Hiid,
The rider couldnt find my location and was not being cooperative. He expected me to go his location when i specifically told him that i couldnt go outside. He marked the order delivered while he still was trying to find my house. Extremely inconveinient and unhelpful interaction.  Super disappointed,
"Beef is little chevy but tastes good. 
Noodle is good",
Verygood,
,
Great,
Excellent food,
.,
Very. Good,
Good,
â¤ï¸â˜ºï¸,
Best food ever!,
Good,
The noodles was supwr dry and it was missing the pickled ginger. Lacked in taste as well as it was almoat burnt.,
Order jot delvired and falsly stated eeivlred,
Sooooooo gooooooodğŸ”¥,
"Great, fast and excellent",
Amazing. Hot fresh and tastyy,
Good quick and expected,
the worst chicken katsu curry I've ever had. Extremely overpriced.,
they ignored my notes,
I love it,
"I have ordered 2 regular karak, received big cups half filled only! ğŸ‘ğŸ»",
ğŸ‘ğŸ»,
F,
The prata was dry they increase the price but at the same time the qulity of the food decrease,
Good,
"Guys I have written in both English and Arabic without onion, it can basically onion sandwichğŸ˜’",
The tea not hot as it was expected.,
Good,
ğŸ‘ğŸ‘,
"The food packaging was perfect, I was impressed with how fast my order arrived, I felt I got great quality for the amount I paid, Food was delicious and surpassed my expectations",
Amazing,
thanks a lot,
The Mishkak was too chewy.,
Tea was with sugar whereas we ordered without Sugar,
I did not receive,
Food quality should definitely be improved,
The food packaging was perfect,
Ok,
Perfect,
Perfect,
Good,
Perfect,
Sorry but the food and the pictures don't match. Croissant is actually thick samoon and the cheese is the cheap type. Sorry but not ordering from this again due to the lack of credibility of the pictures and their description. It's deceiving.,
ğŸ‘ğŸ»ğŸ‘ğŸ»ğŸ‘ğŸ»ğŸ”¥,
Tasty,
Good ok,
,
â¤ï¸,
ğŸ’•,
May Allah accept our charity....Aameen,
G,
Su,
,
ğŸ‘ğŸ»,
May god bless you for the good work which you are doing.,
ok,
Good,
KEEP UP THE GOOD WORK.MAY GOD BLESS YOU.,
ğŸŒ¹,
Goid,
Good,
This will be last time i will order this salat full cabbage.,
Hh,
.,
Great,
ğŸ‘ğŸ»,
,
"Fast â­ï¸â­ï¸â­ï¸â­ï¸â­ï¸ğŸ‘ğŸ»
ğŸ”",
J,
M,
,
Took too long and food was cold and soggy,
Quick,
None,
WOW,
Excllent,
"Fries were cold, drink was different of what i ordered.",
nice talking,
You forgot to add the shrimps and sauteed mashrooms. I am really disapponted!!,
Everything was stale and dry. The fries ans zuchini chips tadted dead. The burger tasted like cardboard with no sauce. Last time i ordered they had missing items. This was the last strike for park burger they used to be good but clearly something went wrong.,
it good,
The meal was so small,
"Portion extremely small for which price is high, picture shown does not resemble real size at all. Very disappointed",
Amazing taste always.,
My order is misidng an item,
,
Food was not even average taste.,
ğŸ‘ŒğŸ¼ğŸ‘ŒğŸ¼ğŸ‘ŒğŸ¼ğŸ‘ŒğŸ¼,
"As always: Good, filling and fresh",
I have ordred 36 pcs and i receive only 21 pcs!,
"the fries was fresh only, but the burger sandwich is full of oil and can't test sth else just oil!! .. and they didn't put katchup bags!!",
"The burger taste very bad , not like befor ,beef  totaly differnt than before ,",
Great,
"Ordered loaded friesand some ingredients mentioned in the description and shown in the picture were missing, the restaurant didn't call to ask me if I still want it or not with the missing ingredient",
M,
Tasty,
"Fabulous ice cream. Super speedy, special service. A1!",
Packing has become too small,
ğŸ,
Fast,
Awesome,
ğŸ‘ŒğŸ¼,
â¤ï¸,
Awesome!,
You didnt bring us the extra hot fudge,
,
ğŸ‘ğŸ» fast delevary,
Very fast,
Great as usual â˜ºï¸,
Awesome,
Great service!,
Taking more than 4 hr,
Good,
Perfect,
ğŸ‘,
,
,
Gr8,
gg,
ğŸ‘ğŸ»,
ğŸ¤,
Good job,
Excellent service,
nice driver,
-,
Awesome,
amazingly tasteless,
Missed my drink,
My Kungpao chicken was made with pranuts instead of cashew nuts and was betu spicy instead of medium spicy,
Too much oil,
Ok for service &amp; menuğŸ‘Œ,
Always arrives feesh and delicious,
"I noted noodle with vegetables, but it came still with it.",
"Where the F*** is the cutlery, im supposed to eat with the hands or what!? Cheap place",
The food was way too oily,
I canceled my order because it was not delivered at all! For more than an hour and i contacted your team for refund and i was not refunded! So no food and bo money back! That is not acceptable,
Rider bad behaviour,
Excellent Chinese food,
"The chicken platter was way too salty, too much dry Chilli and had small bones. Rest of the dishes were okay, but for the prices we expected better.",
Great,
"We love this restaurant, best chinese in town",
Map reading skills are not good,
All great. Thanks,
We ordered beef &amp; black bean sauce!! No black nean sauce only chili oil with way too many chili that over powered the dish!! Also kumg pau chicken same as beef full of chili oil and chilies so both dishes inedible. Really disappointing.,
Food too oily,
Fast,
ğŸ‘,
ice cream was melted,
Gud,
Forgot one portion,
melted ice cream,
Ok,
"Worst experience ever, I took much time to receive the order and the it came without spoons !!",
Driver did not wear mask which made me slightly concerned,
Only got one ice cream,
good,
"Amazingggg, by far my favorite ice cream flavor i've ever tried. They also delivered it perfectly fine, it wasn't melted which shocked me and made me really happy.",
Amazing and refreshing ğŸ˜ğŸ¤©ğŸ‘,
My order didnâ€™t arrive within the time I expected,
The food packaging was perfect,
I would live to give feedback to HÃ¤agen-Dazs that JOJO helped me with me with my order. He is extremely polite and helpful and fixed the problem i had. Truly an employee that deserves appreciation. ğŸ™ğŸ» thank you for the prompt service,
I was impressed with how fast my order arrived,
They did not get my order right,
More ice so the ice cream doesnt melt,
"The food packaging was perfect, I was impressed with how fast my order arrived, I felt I got great quality for the amount I paid, Food was delicious and surpassed my expectations",
I have not received my order yet it says delivered,
Every thing in This resturant is soooo niiiiice ğŸ˜‹,
This was the best pasta on talabat but this time it tasted diffrent and chicken was small and  shrunk. i hope they see this review and do something about it,
Ordering their Beef Fundido might have been the best decision in my life,
ğŸ‘ŒğŸ»,
ğŸ‘ğŸ¼,
Good food,
yummy,
Best mexican food in Muscat,
The taco was not fresh!!!,
ğŸ‘ğŸ»,
It took almost 2 hour and stil no collect the order,
Excelkent service and food,
Good,
Great Tacos!,
Worst brownie I ever had !,
Ok,
Food was toooo dry,
Pickle is bad,
Good,
,
Great,
Nice,
Great food,
We had a missing item in our order,
1,
100%,
Missing item always,
I recieved wrong item twice from this resturant,
Good,
I got sick after eating ghis restrant,
balls,
Everything was perfect,
,
ğŸ™‚,
Good,
V,
Goo,
I felt I got great quality for the amount I paid,
"The food packaging was perfect, I was impressed with how fast my order arrived, I felt I got great quality for the amount I paid, Food was delicious and surpassed my expectations",
He sisnt come out if the car and made mw go pick it,
goo,
w,
Highly recommended,
amazing shawarma,
No,
No,
For the second time items missing,
Food was delicious and surpassed my expectations,
Amazing food great quality ğŸ˜‹,
,
food is coold,
Nothing,
"Ø³Ù†Ø¯ÙˆÙŠØ´Ù‡ Ø§Ù„ÙØ§Ù‡ÙŠÙ†Ø§ Ø¥Ø¯Ù…Ø§Ø§Ø§Ø§Ø§Ø§Ù† Ø®ÙŠØ§Ø§Ø§Ù„ ÙƒØªÙŠÙŠÙŠÙŠÙŠØ± Ø·ÙŠØ¨Ù‡ 
unbelievably delicious sandwiches",
Amazing food and high quality keep it up ğŸ˜‹,
Good,
ğŸ¤©,
Good,
ğŸ¤©,
Noodles were good and food came quickly,
Good,
Awesomeness,
Frout salad was not good,
.,
Nice food,
Difficult to communicate,
Recieved my food in a used burger king bag. Absolute disappointment,
best spring rolls in town ğŸ˜‹,
No teat in the food,
,
Deep fried Sesame chicken isn't good,
"Just good 
They did not send soya souce and chop sticks with the food 

Thank you",
Food quality was good today as i felt it was tad salty today compared to earlier orders. Hope its a one of incident,
Great,
,
vgood,
"Consistent and excellent tasting authentic chinese food as always, keep it up",
Ok,
I asked not get bread but it came anyway.,
I was impressed with how fast my order arrived,
Ok,
H,
They did not add the Humus to the meal!!,
Tracking time changed 3 times and preparing food took long time,
Half order,
Wrong order and missing items,
"The food packaging was perfect, I was impressed with how fast my order arrived",
"Really poor quality food, so sorry to this reaturaunt get worse and worse every time I order. Consistency level zero",
no comments,
Every time same issue. No changes !!!,
Goos job,
Very good on time,
food is good and the rider is so friendly arrive also on time,
The pizza box was not sealed and delivered open!!! No hygene at all,
Perfect,
Its so kinf,
Efficient,
,
Wrong order but im too hungry to complain ğŸ˜…,
the order was not fresh and tast was zero,
Goog,
Super,
All the best,
Pizza is perfect very hot abd tasty. But missing tissue  with the order.,
Guf,
G,
No proper response for wrong order,
Asked for no ice and it came with ice and the drinks tasted so so watery,
So bad,
The food packaging was perfect,
The food packaging was perfect,
"highly recommend the Taro Milk Tea with Pearls. rich and creamy, smooth and dreamy. also, purple.

Two Suggestions : 1) please use better cup holders, they can barely carry the weight of the drinks and I lost a Taro to that. 
2) have the Toppings as an option under the drink we pick so you know what goes into what.",
I paid for the pearls but didnt get them !!!! I called the realtor and they said its not their fault bcuz the bill only showed milk tea !!!!,
Food was delicious and surpassed my expectations,
My order came without toppings even tho i had mentioned in the comments.. Resturant refused to add even tho i said I would pay extra!!,
Always late,
"The food packaging was perfect, I felt I got great quality for the amount I paid, I was impressed with how fast my order arrived, Food was delicious and surpassed my expectations",
,
,
"On time , thank you",
The order took around an hour and it was saying it will be delivered in 32 minutes,
Hallomi cheeee was missing fm the order which was paid extra for it,
ğŸ‘ŒğŸ¾,
The chicken was completly raw in both burgers ! Inedible - never order thid again,
Excellent taste,
Good,
Rider stops multiple places with my food,
Food is expensive,
Excellent,
"Will never order again, food is cery bad and too much sauce",
Food is cold,
Fresh and reached on time. tasted great,
Very good overall process,
"missing peri peri fries, chicken espetada quite poor, seems half portion, all food cold, quite dissapointed",
I called both side and delivred n time,
Nandos sent the chicken pineapple skewers but forgot to send the pita bread and salsa that should have come with it,
"Well packed, but the corn seems old...",
All was so good,
we ordered Americano. Item is not as shown in the picture it was black coffee. there was no sugar given.,
The order was placed in wrong location and still disnt recieve my order until now and the things i orders are hot drinks!!!!!,
â™¥ï¸,
Good.,
ğŸ’™ğŸ’™ğŸ’™ğŸ’™ğŸ’™ğŸ’™,
ğŸ¤ğŸ¤ğŸ¤ğŸ¤ğŸ¤,
i specially ordered low fat milk and my request was totally ignored! the attention to the order that makes the difference !,
I received a burnt sandwich and when I complained all I got was 'sorry',
Too much salt in the salted caramel latte!,
,
the coffee was very bitter even though i asked for extra sweet. Very bad coffee,
Could use better packaging,
So delicious,
Gg,
Good,
ğŸ‘ŒğŸ»,
.,
Itâ€™s not good. Why ???,
Good,
ğŸ‘ğŸ¼,
Thanks,
good,
Not good packaging,
Rider kept the drinks outside without contacting and left,
There was no ice in thw spanish ice latte it arrived warm,
Delivered in 6mins from the time I placed the order!,
Ok,
They are fast,
Tasty,
They always whatsapp and call,
Everything was perfect,
,
Bad attitude,
"Listened to feedback and specially called me, was greatly packaged!",
Thanks,
Very good service,
ğŸ˜ğŸ˜,
The paper under the fries got soggy and got stuck to the fries - should be some other system,
ğŸ˜ğŸ˜,
Very good,
amazing as always,
ğŸ˜ğŸ˜,
ğŸ˜ğŸ˜,
Overpriced,
Hi,
I ordered Qalyah Meat but received Qabuli Qalyah Meat !!!,
Amazing,
"Overpriced , not as expexted",
Delecious,
"Prices arr very high! Why would it cost 3.500 for macaroni! Also, meat is not the best taste. Sandwitches are very small. Reduce the amount of money for a small food portion.",
This is the smallest sandwich I ever ate in my life!!!! Like is so tiny I couldnâ€™t see what inside it !!!!!!,
ğŸ˜”âœ…,
Amazing qaoobli,
No,
Good,
Perfect arrived hot and fress ğŸ˜ğŸ˜ğŸ˜ğŸ˜,
Like,
Phone busy .. inaccurate tracking no reply from talabat measage,
Nice,
Good,
I want some one to call me they deilverd only one acai and i odered two,
,
Please i dont want the same rider nex time !!!! He cant track the address !!!!,
Thank you,
Super Delicious,
Super talabat,
Excelent,
My oreder doesnt delevrd,
Thank you,
,
No cash change,
Messages was unclear and not in english,
Ok,
"Great food , nicely wrapped.",
My order was not recieved,
,
"Amigo team, the food was good! but you mixed up your own meals ie burrito meal and burrito bowl meal, pay more attention order ticket. I ordered a burrito meal but instead got a burrito bowl. ğŸ˜.",
Good,
"Amigos can improve quality by adding few napkins and at leas printed bill.
Also, hot and cool stuff cannot by in same bag.",
Our special request of no onions was ignored. Instead amigos put EXTRA onions.,
"Food is too expensive for the quality i received, came all soggy and bad tasting, food tasted bad and i dont recommend ordering it. The restaurant is good irl but dont order, there are plebty of better options",
I received my order quickly and it was exactly what I asked for.,
"The quality of food is very bad, will not order again!",
"It wasnâ€™t great value for money, Food quality can be better",
I got a burnt burrito,
It wasnâ€™t great value for money,
The restaurant put different ingredients in my sandwich.,
I ordered 3 burritos but I only received one. Two burritos left.,
"Bav, Food was pretty good",
I was impressed with how fast my order arrived,
Non,
ğŸ’”ğŸ’”ğŸ’”ğŸ’”,
#mug family,
,
The coffee was good but the croissant was very bad not fresh and no taste.,
Excellent,
The latte and cappuccino arrived with no froth t all despite request to make it extra hot and foamy,
ğŸ˜ğŸ˜ğŸ˜ğŸ˜ğŸ˜ğŸ˜,
The best coffee ğŸ˜,
"Handsdown the best coffee in town, i recommend it well done",
Amazing ğŸ‘ŒğŸ½,
Very bad.. the coffe with no foam at all!!,
,
FINALLY! The best coffee is in souq almadinah ğŸ”¥ BEST spanish ! Highly recommended.,
Nice,
Good one,
So diaappointed with the quality of the food. The donut is a bit hard and not fresh and there's after taste,
Good,
Good,
:),
fast,
the donuts + coffee were amazing and i really appreciate the small message on the coffee and box of donutsğŸ¥ºâ¤ï¸ made my day,
very nice,
The best!!,
I loved that they wrote Ø§Ù†Ø¬ÙˆÙŠ on the drink ğŸ¥ºâ¤ï¸,
Good,
Awesomeness,
all good thanks,
quality reduced,
ğŸ˜ğŸ˜,
The donut tasted like burned oil. I couldn't eat it.,
,
Great nutella bites,
Best doughnuts in OMAN!!!!! Aleays great quality always such a yummy treat when you want to cheat,
Good,
â¤ï¸â¤ï¸,
My order didnâ€™t arrive within the time I expected,
ğŸ˜ğŸ˜,
Excellent?,
"It too one hour and 30 minutes to receive my coffee .. 
I did not receive it extra hot as expected just warm .
Starbucks take a lot of time to deliver coffee please keep note of that !",
He called me to his car,
Great,
Great!,
Great,
Great,
Someone needs to come &amp; replace,
starbuck was okaay,
Reduce prices,
"I ordered Iced Matcha Latte, and add Whipped cream. 0.460 which is not worth it to pay. 
the whipped cream isn't up to my expectation. they only a little white things top of my drinks.",
Wrong item delivered,
H,
Excellent food easy delivey alltogether im very impressed,
,
,
"Quality of food was not good , It wasnâ€™t great value for money",
M,
Excellent quality food as usual.,
Nice,
,
Amaxing!,
Not at all value for money and not good,
Good,
Last time im not ordering from here again i promise you,
too much of oil in the Onion pakodas,
"One of the best Indian restaurants we know - elegant and fine food, delicious!",
it was plain rice and not pulao  !,
The food packaging was perfect,
Pleased donâ€™t use plastic containers with hot food! Low quality of ingredients and packaging!,
"The food packaging was perfect, I was impressed with how fast my order arrived, Food was delicious and surpassed my expectations",
The food packaging was perfect,
Food was delicious and surpassed my expectations,
The time commit in the kitchen was missed but Thu probably busy. The food was very good. The Machi Masala was wonderful - best dish ever.,
"The food packaging was perfect, I was impressed with how fast my order arrived, Food quality was good compared to the price, Food was delicious and surpassed my expectations",
"Ordered Naan but received Tandoori Roti , Before packing resturent should check the items. Unexpected from Moti Mahal",
I dont want to comment,
,
Great app and service,
Thank u,
The crepe was not fresh it was like plastic,
Amazing taste!,
Chicken tastes bad and the food is cold,
,
Perfect âœ¨,
Good,
Wrong order delivered,
ğŸ‘ŒğŸ»,
Good seevices,
Choked on a fish bone in my crepe.,
.,
Small portion not like picture,
ğŸ˜‹ğŸ˜˜,
,
Thanks for the free orange juice ğŸ™ğŸ»â˜ºï¸,
"Rider didn't ring the bell or keep the food at the door, he left cause i did not reply to his calls! After he sent me a picture of my front door",
Wow,
,
The rice without salt now almost three days i order also the order come without spoon so please make sure the rice with salt and there's spoon with the order,
For hotdog sambosa hotdog to be cooked welldone and no sambosa suace,
ğŸ˜,
ğŸ‘,
My order was ready from 10:36 and i recieved ot by 11:10,
,
Hope the restuarant knows difference between chappathi and big roti. They should have given more details about item. Not delicious,
The pasta with red sauce soooo gooooddd!!! â¤ï¸ğŸ˜‹,
"food is oily, pakora was too much oil,",
ğŸ˜,
The food is sooooooo gooooooooddddd â¤ï¸,
,
,
Excellent,
I didnt recive my order,
He rang the bell at 12 AM without contacting my number at all ! I am a loyal customer and this is NOT ACCEPTABLE at all,
Totally wrong item and took 40 minutes instead of 25,
Ok,
ğŸ’•,
,
Thank you,
On time,
Every thing is awesome,
No filling except meat,
They forgot all of the sauces i ordered,
the item received is bad with only bread and chicken and nothing else,
ğŸ‘,
Awesome,
Tasty,
,
Ø¬ÙŠØ¯,
Noce,
thanks for your service,
"Very bad , taking money without any service, Iâ€™m very upset",
very good,
Bb,
Great,
The food was very bad i dont think i will order again,
Food was pretty good,
Very bad taste will not order again.,
Samosa Chana Chat was not delivered. Food took over an hour to arrive and was cold.,
"I was impressed with how fast my order arrived, I felt I got great quality for the amount I paid",
"Brilliant , Food quality was good compared to the price",
"The food was absolutely garbage. In fact putrid, couldnâ€™t eat a bite and had to throw away the full order after my first bite. Will never ever order from them. I have a picture of the food Even the food served to workers in camps is better.",
"I felt I got great quality for the amount I paid, Food was delicious and surpassed my expectations",
"I felt I got great quality for the amount I paid, The food packaging was perfect",
Food quality was good compared to the price,
"Chicken portion was really small, the sauce was sweet, no portion of chicken breast I found skin in the chicken, impossible to eat",
Too much sugar in the dishes,
Food is delicious and well packed.,
Very Tasty Food,
Great food ğŸ‘Œ,
Quality of food not up to the standerd,
The food stated ut will take 40 min and i ended up waitinv for over an hour,
,
No drinks were delivered wiht my order.,
Frish and yammy,
Drink was missing from order,
N/A,
I asked for a cola and extra fries and it was missing,
Delivered wrong order,
The food was amazing! 10/10,
"The food packaging was perfect, I was impressed with how fast my order arrived",
,
Didnt add cheese on my burger,
Excellent!,
It has been 1 hour ans the food hasnt arribed,
The salad delivered without the souce,
"Amazing taste , amazing servise :)",
"Food was bad, shrips were so little. The bread like rock its so hard.",
I ordered quinoa chicken salad but it was of low quality not worth the price,
Missing item always,
Very good,
The packing and presentation of the food is soo poor for the money I paid. It looks like those sandwiches from a supermarket.,
"The salad dressing is missing, the salad was dry and taste less different than my previous orders",
The olives in the salad were wrotten already,
love it.,
my order was not what i ordered.. I recieved completely wrong order.,
Where is the extra butter and syrup i asked for ?? The dish is for two person !!,
Ø§Ù„Ø¨Ø§Ù†ÙƒÙŠÙƒ Ù„Ø°ÙŠØ° Ø¬Ø¯Ø§ Ø¨ØµØ±Ø§Ø­Ù‡ Ø§Ø®ÙŠØ±Ø§ Ø¨Ø§Ù†ÙƒÙŠÙƒ Ù„Ø°ÙŠØ° ÙØ§Ù„Ø³Ù„Ø·Ù†Ù‡ Ø¨ Ø³Ø¹Ø± Ù…Ø¹Ù‚ÙˆÙ„ Ø¬Ø¯Ø§ ÙˆÙƒÙ…ÙŠÙ‡ ÙƒØ¨ÙŠØ±Ù‡ Ø§ØªÙ…Ù†Ù‰ Ù…Ø§ ÙŠØªØºÙŠØ± Ø§Ù„Ø·Ø¹Ù… very tasty pancakes keep it up please,
"The food packaging was perfect, I was impressed with how fast my order arrived, I felt I got great quality for the amount I paid, Food was delicious and surpassed my expectations",
"The food packaging was perfect, I was impressed with how fast my order arrived, I felt I got great quality for the amount I paid, Food was delicious and surpassed my expectations",
"I felt I got great quality for the amount I paid, Food was delicious and surpassed my expectations, The food packaging was perfect, I was impressed with how fast my order arrived",
The salad delivered without the souce,
"Amazing taste , amazing servise :)",
"Food was bad, shrips were so little. The bread like rock its so hard.",
I ordered quinoa chicken salad but it was of low quality not worth the price,
Missing item always,
Very good,
The packing and presentation of the food is soo poor for the money I paid. It looks like those sandwiches from a supermarket.,
"The salad dressing is missing, the salad was dry and taste less different than my previous orders",
The olives in the salad were wrotten already,
love it.,
my order was not what i ordered.. I recieved completely wrong order.,
Where is the extra butter and syrup i asked for ?? The dish is for two person !!,
Ø§Ù„Ø¨Ø§Ù†ÙƒÙŠÙƒ Ù„Ø°ÙŠØ° Ø¬Ø¯Ø§ Ø¨ØµØ±Ø§Ø­Ù‡ Ø§Ø®ÙŠØ±Ø§ Ø¨Ø§Ù†ÙƒÙŠÙƒ Ù„Ø°ÙŠØ° ÙØ§Ù„Ø³Ù„Ø·Ù†Ù‡ Ø¨ Ø³Ø¹Ø± Ù…Ø¹Ù‚ÙˆÙ„ Ø¬Ø¯Ø§ ÙˆÙƒÙ…ÙŠÙ‡ ÙƒØ¨ÙŠØ±Ù‡ Ø§ØªÙ…Ù†Ù‰ Ù…Ø§ ÙŠØªØºÙŠØ± Ø§Ù„Ø·Ø¹Ù… very tasty pancakes keep it up please,
"The food packaging was perfect, I was impressed with how fast my order arrived, I felt I got great quality for the amount I paid, Food was delicious and surpassed my expectations",
"The food packaging was perfect, I was impressed with how fast my order arrived, I felt I got great quality for the amount I paid, Food was delicious and surpassed my expectations",
"I felt I got great quality for the amount I paid, Food was delicious and surpassed my expectations, The food packaging was perfect, I was impressed with how fast my order arrived",
ğŸ‘,
Great food,
Consistently excellent,
Milly cake is delicious but quantity is smaller than before with the same price...Ø§Ù„Ù…ÙŠÙ„ÙŠ ÙƒÙŠÙƒ Ù„Ø°ÙŠÙŠÙŠÙŠØ° Ø¨Ø³ Ø§Ù„Ø­Ø¬Ù… Ø£ØµØºØ± Ø¹Ù† Ù‚Ø¨Ù„ Ù…Ø¹ Ù†ÙØ³ Ø§Ù„Ø³Ø¹Ø±,
Food is cooled,
Cake gallery,
I demand a full refund. It took the order two hours to arrive and the help people in support did not provide any support and ended the chat.,
,
I order Ed anchovies  pizza I got mushroom  pizza,
Expensive.,
Amazing ğŸ˜,
Fantastic,
Very good,
The besf,
"The food packaging was perfect, I was impressed with how fast my order arrived",
food was delieverd hot and in a good amount of time thank you!,
Very good,
Great food.,
Good,
Ff,
Good,
Good,
"Order was notified that it was delivered, but I didn't receive any",
.,
"I ordered 8 pieces plain 
4 pieces nutella 
8 pieces lotus,, but I recieved only 3 pieces plain, 7 pieces nutella and the reat lotus!",
Thanks,
ğŸ˜,
Wrong order delivered,
Thanks a lot,
Chicken was not cooked well and was hard,
ğŸ”¥,
ğŸ™,
ğŸ”¥,
STOP CONFIRMING UNLESS RECEIVING THE ORDER,
Good,
"The best pasta with meatballs, even though meatballs are not balls. Taste is goodâ™¥ï¸",
great,
Not same picture !,
Ù„,
Ù…Ù…ØªØ§Ø²,
Good man,
ğŸ‘ğŸ¼,
No cutlery were provided with the order so i was not able to eat it,
Good,
The foods quality os so bad,
Good,
food was freezing cold and took over one and half hour,
"The food arrived cold, and i could not eat it. It took talabat 2 hours to deliver. I ordered at 12, and got my food at 2. Very dissapointing service",
Ok,
Ù…Ø±Ù‡ Ù…Ù…ØªØ§Ø² Ø¨Ø³ Ø§Ù„ØªØ§Ø®ÙŠØ± Ø´ÙˆÙŠ ÙƒØ§Ù†,
Good,
.,
Best sliders in town!!!,
Great,
"Got missing itram 
There was no midnight slider 
There was no extra chicken patty",
Ù„Ø°Ø¯Ø°ÙŠØ°,
I received wrong order,
Ø§Ù„Ø¨Ø±ØºØ± Ø¶ØºÙŠØ± Ø¬Ø¯Ø§Ø§Ø§Ø§Ø§Ø§Ø§,
Food was deliverd cold,
,
Good,
Order not delivered,
Best burger,
"The Punch Bag Burger was extremely spicy (a lot of black pepper + extremely hot sauce) , without mentioning this burger is spicy .
not wealthy of the price.",
Ù„Ø°ÙŠØ°Ø°Ø°Ø°Ø°Ø°Ø°,
ğŸ‘,
The best,
ordered for 6 OMR but 2 0mr offer is not  applied,
Wrong order delivered,
Ø§Ù„Ø§ÙƒÙ„ Ù„Ø°ÙŠØ° ÙŠØ§Ù„ÙŠØª ØªØ²ÙŠØ¯ÙˆØ§ Ø§Ø·Ø¨Ø§Ù‚ Ø§ÙƒØ«Ø±,
Ù…Ù…ØªØ§Ø²,
ÙƒØ§Ù† Ø§Ù„Ø£ÙƒÙ„ Ù„Ø°ÙŠØ° Ø¬Ø¯Ø§Ù‹ ÙˆÙØ§Ù‚ ØªÙˆÙ‚Ø¹Ø§ØªÙŠ,
ÙƒØ§Ù† Ø§Ù„Ø£ÙƒÙ„ Ù„Ø°ÙŠØ° Ø¬Ø¯Ø§Ù‹ ÙˆÙØ§Ù‚ ØªÙˆÙ‚Ø¹Ø§ØªÙŠ,
Ø§Ù„Ø·Ù„Ø¨ ÙƒÙ„Ù‡ Ø®Ø·Ø§Ø¡ ÙŠØ§Ø®ÙŠ Ø§Ø°Ø§ Ù…Ø§ØªØ¹Ø±ÙÙˆØ§ ØªØ¹Ù…Ù„ÙˆØ§ Ø·Ù„Ø¨ Ø³ÙƒØ±ÙˆØ§ Ù…Ø·Ø¹Ù…ÙƒÙ… ØŒ Ø§Ù„Ø£ÙƒÙ„ Ù„Ù„Ø§Ø³Ù Ø´ÙŠ Ø¬Ø¯Ø§ Ù„Ø§ Ø§Ù†ØµØ­ Ø¨Ù‡,
ÙƒØ§Ù† Ø§Ù„Ø£ÙƒÙ„ Ù„Ø°ÙŠØ° Ø¬Ø¯Ø§Ù‹ ÙˆÙØ§Ù‚ ØªÙˆÙ‚Ø¹Ø§ØªÙŠ,
Ù…Ù…ØªØ§Ø²,
Food was as usual great!,
ÙŠØªØ£Ø®Ø±ğŸ˜­ğŸ˜‚,
Deleicous,
Yummy,
,
,
The jaffar sandwiched chicken was hard and felt old looks like it was ready long time ago and was just heated and deleverd,
Excellent,
Ø±Ø§Ø¦Ø¹,
Ø¬ÙŠØ¯,
Ø¬Ù…ÙŠÙ„,
Ø§Ù„Ø·Ù„Ø¨ Ù†Ø§Ù‚Øµ,
I relly loved it its tassty ğŸ¤ğŸ¤ğŸ¤ğŸ¤ good choice for for chocing this resturant,
,
ÙÙ†Ø§Ù† Ø§Ù†ØªÙ‡ğŸ‘ŒğŸ‘ŒğŸ‘ŒğŸ‘ŒğŸ‘ŒğŸ‘ŒğŸ‘ŒğŸ‘ŒğŸ’•,
Ø§,
Bad,
Good as always,
A wrong item delivered to me and no correction action was taken :(,
Ø­ÙŠØ¯ Ø¬Ø¯Ø§,
X,
"Don't recommend, my order not fresh at all",
Great,
Food was delicious and surpassed my expectations,
Delivefed well over an hour after ordering,
I felt I got great quality for the amount I paid,
There was  alot of oil on the rice almost one cup,
Ø§Ù„Ø§Ø³Ù Ø§Ù„Ø§ÙƒÙ„ Ø§Ù„Ù‚ÙŠÙ…Ø© Ù„Ù„ÙŠ Ø¯ÙØ¹ÙŠÙ† ÙÙŠÙ‡ Ù…Ø§ ÙŠØ³ØªØ§Ù‡Ù„Ù‡ Ù‚ÙŠÙ…Ø© Ø§Ù„Ø§ÙƒÙ„ Ù…Ø§ ØªØªØ¹Ø¯ Ø±ÙŠØ§Ù„ÙŠÙ† ÙˆØ­Ø³Ø¨ Ø§Ù„Ù„Ù‡ ÙˆÙ†Ø¹Ù… Ø§Ù„ÙˆÙƒÙŠÙ„,
"Drinks was not added unfortunately but the meal was there and the talabat operator apologized and the drinks amount will be returned back within 24 hours , The food packaging was perfect",
"Food was delicious and surpassed my expectations, I felt I got great quality for the amount I paid",
sweet chilli patato was too sweet n it was not good at all where as briyani was awesome,
The prawns i ordered were not fresh at all! It was hars to eat,
I felt I got great quality for the amount I paid,
Ù…Ù…ØªØ§Ø²,
Great,
Ù…Ù…ØªØ§Ø²,
Very excelent. Made a mistake in my order and hit a phone call to cofirm if I was mistaken or not.,
ğŸ˜‹,
(,
Ø¬Ù…ÙŠÙ„,
Ø±Ù‡ÙŠØ¨ğŸ˜,
ğŸ¤,
Ù‡,
,
Ø´ÙƒØ±Ø§Ù‹,
Ù…Ù…ØªØ§Ø²,
Ù…Ù†Ø¸Ø± Ø¨Ø±Ø­Ø± ÙƒØ¨ÙŠØ± ÙÙŠ ÙˆØ§Ù‚Ø¹ ØµØºÙŠØ±Ù‡,
Good quailty but a bit expensive,
,
ğŸ‘ğŸ»,
Ø´ÙƒØ±Ø§,
Ø±Ø§Ø¦Ø¹,
The best,
good but low quantity,
Ù…Ù…ØªØ§Ø²,
Ø±ÙˆÙˆÙˆØ¹Ø©,
ğŸ‘,
"The kunafa it was bad , chess with bad tast , cold and the bakage with out spon or frok . Its not 1st time loke that , i though previously it was by mistak but the recurrent missing and bad tast goven us enough idea",
Ù…Ù…ØªØ§Ø²,
They did not put sugar syrup in the item,
Ø¨Ø¯ÙˆÙ† Ù…Ù„Ø§Ø¹Ù‚,
Perfect,
Ø´ÙƒØ±Ø§,
Great service,
"On time , good service",
Ø´ÙƒØ±Ø§  ÙƒØ«ÙŠØ±Ø±Ø±Ø±Ø±Ø±Ø±Ø±Ø±,
Very good,
Good,
The order arrived messy. Rider explained that the car jumped a hump and the box fell.,
Ù‹,
â¤ï¸,
Ù„Ø§ ØªÙˆØ¬Ø¯ Ù…Ù„Ø§Ø¹Ù‚,
ok,
Delicious and freshğŸ‘Œ,
Ù…Ù…ØªØ§Ø²,
Ø§ÙƒÙ„Ù‡Ù… Ø·ÙŠØ¨,
Ø§Ù„Ø§ÙƒÙ„ Ù…Ø§ ÙƒØ§Ù† ÙÙ†Ø§Ù†,
Ø¬Ù…ÙŠÙ„,
,
ğŸ˜,
Ù„Ø°Ø§Ø°Ù‡,
Ø§Ù„ØªØ§Ø®ÙŠØ± ÙƒØ§Ù† ÙƒØ«ÙŠØ±Ø§,
Food was too salty,
The food was good,
G,
,
It resive on time,
Friendly,
Rider waited for me outside and didn't come to my door apartment,
Ø±Ø§Ø¦Ø¹,
Ø´ÙƒØ±Ø§ Ø¬Ø²ÙŠÙ„Ø§,
Ø´ÙƒØ±Ø§ Ø¬Ø²ÙŠÙ„Ø§Ù‹,
The food was delicious and great,
,
Ø³ÙŠ,
O,
Very goooood.. thanks,
ğŸ’–,
Ù„Ù… ÙŠØ¹Ø¬Ø¨Ù†ÙŠ,
Bad,
Tge coffee was cold,
Amazing coffee as usual,
Awsem,
Good quality coffee.,
ğŸ‘ŒğŸ¼,
Excellent service.,
Ø±Ø§Ø¦Ø¹,
Excllent,
The cappuccino was delicious but it didnâ€™t have foam,
"the order is wrong , I ordered my coffee in a bottle but I got it in a normal plastic cup!",
Ø·Ø§Ù„Ø¨Ù‡ Ø´ÙŠ ÙˆØ¬Ø§ÙŠØ¨Ù† Ù„ÙŠ Ø´ÙŠ Ø«Ø§Ù†ÙŠ ... Ù„Ø§ ØªØ¬ÙŠØ¨Ùˆ Ø´ÙŠ Ù„Ø²Ø¨ÙˆÙ† Ù…Ù† Ù…Ø®ÙƒÙ…,
Packaging different than what I ordered im so disappointed ğŸ˜¢,
Order not received,
"My order wasnâ€™t packed properly, Delivery speed was as expected",
The food packaging was perfect,
nothing,
Did not give what I ordered-not decaf,
I was impressed with how fast my order arrived,
Thank you well packed and fast delivered,
Good,
It was Amaising ğŸ˜,
Ø´ÙƒØ±Ø§,
Ø§Ù„Ø·Ù„Ø¨ Ù„Ù… ÙŠØµÙ„ Ù„ÙŠ ØŒ Ø§Ø°Ø§ Ù…Ù…ÙƒÙ† ÙŠØµÙ„ Ù„ÙŠ Ø¨Ø£Ù‚Ø±Ø¨ ÙˆÙ‚Øª,
Ø´ÙƒØ±Ø§,
Ø³Ø±ÙŠØ¹,
Have a good tretment,
ØºØ§Ù„ÙŠ Ø§Ù„Ù…Ø·Ø¹Ù…,
ğŸ˜ğŸ˜,
the Thermos is not the same as in the picture in size and colour,
ğŸ˜,
"Cookies were cold and stale, not tasty at all",
Ø§Ù„ÙƒØ«ÙŠØ± Ù…Ù† Ù‚Ø´Ø§Ø± Ø§Ù„Ø¨ÙŠØ¶ ÙÙŠ ÙƒÙ„ Ù‚Ø·Ø¹Ø©,
ØŒ,
Ø·Ø¹Ù… Ù„Ø°ÙŠØ° Ø¨Ø³ Ø§Ù„Ø§Ø³Ø¹Ø§Ø± ØºØ§Ù„ÙŠÙ‡ Ø´ÙˆÙŠ,
"Very poor 
Not arrived",
Ø´ÙƒØ±Ø§ Ø·Ù„Ø¨Ø§Øª Ù„ÙƒÙ† Ø­Ø¨Ø§Øª Ø§Ù„ÙƒÙˆÙƒÙŠØ² Ø¨Ø§Ø±Ø¯Ø© Ù†Ø­Ø¨Ù‡Ø§ Ø³Ø§Ø®Ù†Ø©,
Perfect,
Ø§,
Good,
Ù…Ù…ØªØ§Ø²,
"I gelato was nice, but the kunafa cheesecake tastes so bad!! I dont think thats even cheese, the kunafa tastes plasticy, the pistachio sauce on top tastes soooo fake and just bad in my opinion and it had some kind of sweet liquid in the bottom thats filled with imitation flavouring that font taste like what theyre supposed to. Really bad quality cheesecake!",
Ù…Ù…ØªØ§Ø²,
Ù…Ù…ØªØ§Ø²,
Im paying for Acai bowl. The making of the bowl has changed recently and now its much less acai and granola and more banana to fill the bowl.,
â™¥ï¸,
thank you,
It wasnt like before fresh &amp; hot. I recieved it cold &amp; there is no enough cheese inside,
"Paratha are nice, croissants came dry",
Tasty,
Ø¬ÙŠØ¯ Ø¬Ø¯Ø§,
I. Ordered hot coffee but recievied very cold,
good,
NA,
cold kark!! waste of time and money,
good,
Ø´Ùƒ,
Good,
Excellent coffeee and croissants,
Ø§Ù„ÙƒØ§ÙÙŠÙ‡ Ø¬ÙŠØ¯Ø§ Ø¬Ø¯Ø§,
Ù…Ù…ÙŠØ§Ø²,
Upset,
Plz send the missing item now/ its mohalabiya nutella,
Great service,
Friendly,
Ø§Ù„Ø§ÙƒÙ„ Ù„Ù… ÙŠÙƒÙ† ÙƒÙ…Ø§ ØªÙˆÙ‚Ø¹Øª  ÙƒØ§Ù† Ø³Ø¦ Ù„Ù„ØºØ§ÙŠØ©,
Ordered 2 mutabal and only got 1 piece of bread,
Ø·Ù„Ø¨Øª ØªØ¨ÙˆÙ„Ø© ÙˆÙƒØ§Ù† Ø§Ù„Ø·Ù„Ø¨ Ø§Ù‚Ù„ Ù…Ù† Ø¹Ø§Ø¯ÙŠØŒ ØªØ¹ÙˆØ¯Øª Ø¹Ù„Ù‰ Ù…Ø³ØªÙˆÙ‰ Ø§ÙØ¶Ù„ Ù…Ù† Ù‡Ø§Ù„Ù…Ø·Ø¹Ù…,
Ù„Ø°ÙŠØ°,
The hummus with meat was full of olive oil and so heavy to eat,
I saw somthing in my food its so bad,
Raw chicken,
Ù…Ù…ØªØ§Ø²,
Ù„Ø°ÙŠØ°,
Grill was overcooked &amp; cold,
Good,
,
Ø§Øª,
Very good,
Ø§Ù„Ù„Ø­Ù… Ø¨Ø§Ù„Ø¹Ø¬ÙŠÙ† Ø¹Ø¬ÙŠØ¨ğŸ˜‹,
ÙŠØ±Ø¬Ù‰ Ø§Ù„Ø§Ù„ØªØ²Ø§Ù… Ø¨Ø§Ø­Ø¶Ø§Ø± ÙÙƒÙ‘Ù‡ ÙÙŠ Ø­Ø§Ù„Ø© Ø§Ù„Ø¯ÙØ¹ Ù†Ù‚Ø¯Ø§Ù‹.,
Took more than our to deliver.,
I loved.... mango chicken salad. Yesterday my dinner was there. Thanks â¤ï¸,
Very pricy,
don't order from them,
Fabulous,
3 persons bowl biryani is just 2 bowls of biryani combined.,
Ø§Ù„Ø³Ø¹Ø± ØºØ§Ù„ÙŠ Ø¬Ø¯Ù‹Ø§,
Grezt,
Great,
ÙŠÙˆØ¬Ø¯ Ø´ÙŠØ¡ Ù†Ø§Ù‚Øµ ÙƒØ§Ù„Ø¹Ø§Ø¯Ù‡,
the food was excellent but expensive and little .,
Does not taste like indian food much,
Bad chicken curry . Quality of curry getting bad versus previously,
,
food very expensive and the quantity little,
,
Very good but very expensive,
"Very bad goan fish curry , am frequent customer from ramazaan and did not expect this . Bad fish .",
Ø¬ÙŠØ¯,
Good,
Very good,
Good food,
Ø¬ÙŠØ¯,
Ø¬Ù…ÙŠÙ„,
Quarter fried chicken seasoned a good amount of salt. I liked it!,
ÙŠØ¬Ø¨ ØªÙ‚Ù„ÙŠÙ„ Ø§Ù„Ø§Ø³Ø¹Ø§Ø± ÙˆØ·Ù‡ÙŠ Ø§Ù„Ø§ÙƒÙ„ Ø·Ø§Ø²Ø¬ ÙˆÙ„ÙŠØ³ Ù…Ø«Ù„Ø¬,
awesome food,
Ø·Ù„Ø¨Øª Ø´ÙˆØ§Ø±Ù…Ø§ ÙˆØ¬Ø§Ø¨ÙˆÙ„ÙŠ Ø³Ø§Ù†Ø¯ÙˆÙŠØ¬ Ø¯Ø¬Ø§Ø¬ Ø¹Ø§Ø¯ÙŠ,
ğŸ¥º,
Midum wuality,
...,
Ù… Ø´ÙŠ,
"I asked you to not put cucomber with youghourt 
Also i orderer fanta strawberry not cola",
The fries was cold as ice and the salad was without any sauce!!,
Ø§,
Ø¹ØµÙŠØ± Ù„ÙŠÙ…ÙˆÙ† Ù†Ø¹Ù†Ø§Ø¹ Ù„Ø§ Ø·Ø¹Ù… ÙÙŠÙ‡ ÙÙ‚Ø· Ù…Ø§Ø¡ ÙˆØ³ÙƒØ±,
ÙƒØ§Ù† Ø§Ù„Ø£ÙƒÙ„ Ù„Ø°ÙŠØ° Ø¬Ø¯Ø§Ù‹ ÙˆÙØ§Ù‚ ØªÙˆÙ‚Ø¹Ø§ØªÙŠ,
Best meat shwa in muscat I had tried till now ..please keep the quality of your orders hope next time quality will be the same or better . Thanks,
Food was coooold,
Average. Don't have enough side dishes. Only one small tomato chutney and onesalad delivered with one half and quarter Mandi,
Great portion great value for Money,
ÙˆÙŠÙ† Ø·Ù„Ø¨,
Ø§Ù„Ø£ÙƒÙ„ ÙƒØ§Ù† Ù…Ù…ÙƒÙ† ÙŠÙƒÙˆÙ† Ø£ÙØ¶Ù„,
"Their chicken is better than their beef, a bit too sweet for my palet when it comes to savory food",
"The WD fries was pretty good. The beef burger i ordered wasnt that great tbh, tasted bland to me. I think their chicken beats their beef.",
The  best ever,
Very nice,
Ø¬ÙŠØ¯,
.,
Ø´ÙƒØ±Ø§ Ø¹Ù„Ù‰ Ø§Ù„Ù‚Ø³ÙŠÙ…Ù‡,
Ø§ÙƒØ«Ø± Ù…Ù† Ø±Ø§Ø¦Ø¹,
Ø·Ù„Ø¨Øª ØªÙƒÙ‡ Ù„Ø­Ù… ÙˆØµÙ„Ù†ÙŠ ÙƒØ¨Ø§Ø¨,
Ø§ÙˆÙƒÙŠ,
He asked me to send the payment amount to his bank account instead of getting me change of 50OMR (as I asked to pay in cash),
.,
â˜ºï¸,
I orderit without tomato,
Ery good,
Ù„Ø§ ÙŠÙ‡ØªÙ…ÙˆØ§ Ø¨Ø§Ù„Ù…Ù„Ø§Ø­Ø¸Ø§Øª ÙˆØ§Ù„Ø§ÙƒÙ„ Ø¨Ø§Ø§Ø§Ø§Ø§Ø§Ø±Ø¯ ÙˆØºÙŠØ± Ù„Ø°ÙŠØ°,
Ø´ÙƒØ±Ø§,
Ø´ÙƒØ±Ø§,
Excellent,
Food was too cold,
Ø§Ù„Ø´Ø§ÙˆØ±Ù…Ø§ ÙˆØµÙ„ØªÙ†ÙŠ Ø¨Ø§Ø±Ø¯Ø© Ø¬Ø¯Ù‹Ø§,
Ø§Ù„Ø·Ø¹Ø§Ù… ÙƒØ§Ù† Ù…Ø±Ø§Ù‹,
Ù…Ù…ØªØ§Ø²,
"below average taste, lamb kebab taste like chicken
overpriced looking at portion size and taste",
Ù…Ù…Ù†Ø§Ø²,
Good,
The salad delivered without the souce,
"Amazing taste , amazing servise :)",
"Food was bad, shrips were so little. The bread like rock its so hard.",
I ordered quinoa chicken salad but it was of low quality not worth the price,
Missing item always,
Very good,
The packing and presentation of the food is soo poor for the money I paid. It looks like those sandwiches from a supermarket.,
Ø§Ù„Ø§ÙƒÙ„ Ù…Ø§ Ø­Ù„Ùˆ ÙˆØªØºÙ„ÙŠÙ Ø§Ù„Ø§ÙƒÙ„ Ù…Ø¨ Ø­Ù„Ùˆ,
"The salad dressing is missing, the salad was dry and taste less different than my previous orders",
Ø¬ÙŠØ¯Ù‡,
The olives in the salad were wrotten already,
love it.,
Ø§Ù„Ø£ÙƒÙ„ Ù„Ø°ÙŠØ° Ø¬Ø¯Ø§,
my order was not what i ordered.. I recieved completely wrong order.,
Where is the extra butter and syrup i asked for ?? The dish is for two person !!,
Ø§Ù„Ø¨Ø§Ù†ÙƒÙŠÙƒ Ù„Ø°ÙŠØ° Ø¬Ø¯Ø§ Ø¨ØµØ±Ø§Ø­Ù‡ Ø§Ø®ÙŠØ±Ø§ Ø¨Ø§Ù†ÙƒÙŠÙƒ Ù„Ø°ÙŠØ° ÙØ§Ù„Ø³Ù„Ø·Ù†Ù‡ Ø¨ Ø³Ø¹Ø± Ù…Ø¹Ù‚ÙˆÙ„ Ø¬Ø¯Ø§ ÙˆÙƒÙ…ÙŠÙ‡ ÙƒØ¨ÙŠØ±Ù‡ Ø§ØªÙ…Ù†Ù‰ Ù…Ø§ ÙŠØªØºÙŠØ± Ø§Ù„Ø·Ø¹Ù… very tasty pancakes keep it up please,
"The food packaging was perfect, I was impressed with how fast my order arrived, I felt I got great quality for the amount I paid, Food was delicious and surpassed my expectations",
"The food packaging was perfect, I was impressed with how fast my order arrived, I felt I got great quality for the amount I paid, Food was delicious and surpassed my expectations",
"Ø§Ù„Ø³Ù„Ø·Ø© Ù…ÙƒØªÙˆØ¨ ÙÙŠÙ‡Ø§ Ø®Ø³ ÙˆÙˆÙ„Ø§Ø³Ù Ø­Ø§Ø·ÙŠÙ† Ù…Ù„ÙÙˆÙ Ù…ÙƒØ§Ù† Ø§Ù„Ø®Ø³ ÙˆÙ„Ø§ÙŠÙˆØ¬Ø¯ ÙÙŠÙ‡Ø§ Ø®Ø³ Ù†Ù‡Ø§Ø¦ÙŠ ÙƒÙ„Ù‡Ø§ Ù…Ù„ÙÙˆÙ Ø³Ø¦ Ø¬Ø¯Ø§ Ø¬Ø¯Ø§, Ø·Ù„Ø¨ÙŠ ÙˆØµÙ„ Ø¨ÙˆÙ‚Øª Ø£Ø³Ø±Ø¹ Ù…Ù† Ø§Ù„Ù…Ø¹ØªØ§Ø¯",
"I felt I got great quality for the amount I paid, Food was delicious and surpassed my expectations, The food packaging was perfect, I was impressed with how fast my order arrived",
Ø¬ÙŠØ¯ Ø¬Ø¯Ø§,
Ù„Ø§ Ù…Ù„Ø§Ø¹Ù‚ Ù„Ø§ ØªÙŠØ´Ùˆ ÙˆØ§Ù„Ø§ÙƒÙ„ Ø¨ Ù§ ÙˆØ¬Ø¨Ù‡ Ù…ÙƒØ±ÙˆÙ†Ø§ Ù…Ø¨Ø§Ù„Øº ÙÙŠÙ‡,
ğŸ‘,
Great food,
Consistently excellent,
Milly cake is delicious but quantity is smaller than before with the same price...Ø§Ù„Ù…ÙŠÙ„ÙŠ ÙƒÙŠÙƒ Ù„Ø°ÙŠÙŠÙŠÙŠØ° Ø¨Ø³ Ø§Ù„Ø­Ø¬Ù… Ø£ØµØºØ± Ø¹Ù† Ù‚Ø¨Ù„ Ù…Ø¹ Ù†ÙØ³ Ø§Ù„Ø³Ø¹Ø±,
Food is cooled,
Cake gallery,
I demand a full refund. It took the order two hours to arrive and the help people in support did not provide any support and ended the chat.,
,
I order Ed anchovies  pizza I got mushroom  pizza,
Expensive.,
Amazing ğŸ˜,
Fantastic,
Very good,
,
,
Ø§Ù„Ø§ÙƒÙ„ Ø­Ù„Ùˆ Ù„ÙƒÙ† Ø¨Ø§Ø±Ø¯,
The besf,
"The food packaging was perfect, I was impressed with how fast my order arrived",
ØªØ¬Ø±Ø¨Ø© ÙØ§Ø´Ù„Ø© - Ø§Ù„Ø§ÙƒÙ„ Ø¬Ø¯Ø§Ù‹ Ø¨Ø§Ø±Ø¯,
food was delieverd hot and in a good amount of time thank you!,
Ù…Ù…ØªØ§Ø²,
Very good,
,
Ù…Ù…ØªØ§Ø²,
Ù…Ù…ØªØ§Ø²,
Øª,
Great food.,
Good,
Ff,
Good,
Good,
Ù…Ù…ØªØ§Ø²,
"Order was notified that it was delivered, but I didn't receive any",
Ù…Ù…ØªØ§Ø²,
Ø§Ù„Ù…Ù†Ø¯Ø§Ø²ÙŠ Ù„Ø°Ø°Ø°Ø°Ø°Ø°ÙŠØ° ÙˆÙˆØµÙ„ Ø§Ù„Ø§ÙƒÙ„ Ø­Ø§Ø§Ø§Ø± Ø´ÙƒØ±Ø§ Ù…Ù† Ø§Ù„Ù‚Ù„Ø¨,
.,
"I ordered 8 pieces plain 
4 pieces nutella 
8 pieces lotus,, but I recieved only 3 pieces plain, 7 pieces nutella and the reat lotus!",
Ù…Ù…ØªØ§Ø²,
Thanks,
ğŸ˜,
Ù„,
Great manaeesh,
Awesome,
Ø·Ù„Ø¨Øª Ø§Ù„Ø§ÙƒÙ„ Ù„Ù„Ù…Ø±Ù‡ Ø§Ù„Ø«Ø§Ù†ÙŠÙ‡ Ùˆ Ù„Ù‚ÙŠØª ÙÙŠÙ‡ Ø´Ø¹Ø±Ø±Ø±Ø±Ø±Ø±Ø±Ø±Ø± ğŸ¤¢ Ø¯Ø§Ø®Ù„ Ø§Ù„ÙØ·ÙŠØ±Ù‡ Ù…Ø´ Ø¨Ø±Ø¹Ø¹!,
Great work!,
Great,
Ù„Ø§,
Wrong order delivered,
Tase was so bad and not as usual,
ÙˆÙŠÙ† Ù‡Ø¯ÙŠÙ‡ Ø§Ù„Ù„ÙŠ Ù…Ù…ÙƒÙ† Ø§Ø®ØµÙ„ Ø¹Ù„Ø¨Ù‡Ø§ Ø¨Ø³Ø¨ Ø§Ù„ØªØ§Ø®ÙŠØ±,
Ø¬ÙŠØ¯,
If cheese was less salty it will be better.,
Excellent taste n packaging,
Ø·Ù„Ø¨Øª Ù†Ù‚Ø§Ù†Ù‚ ÙˆØ¬Ø§Ø¨ÙˆÙ„ÙŠ Ù„ÙŠ Ù„Ø­Ù… !!!!!!!!!!! Ø³Ù„Ø§Ù…Ø§Ø§Ø§Ø§Ø§Ø§Ø§Øª!!!!!,
the rider was very kind,
My drink was missing??!! I did't get it!,
Price is over ..,
Good,
I ordered falafel but no falafel inside only vegetables,
ğŸ˜ğŸ‘ŒğŸ¼ğŸ’¯,
Ø´ÙƒØ±Ø§,
Something wrong in the order. I dont want to exactly mention here but they should be careful !!,